titulo,empresa,cidade,estado,modalidade,data_publicacao,prazo_inscricao,link,termo_busca
Estágio TI - (Sistemas),Agronegócio,Curitiba,Paraná,on-site,2026-09-24,2026-11-23,https://grupofertipar.gupy.io/job/eyJqb2JJZCI6MTI1ODQ1NDAsInNvdXJjZSI6Imd1cHlfcG9ydGFsIn0=?jobBoardSource=gupy_portal,Estágio TI
Estágio em TI,Andrade Gutierrez,São Paulo,São Paulo,on-site,2026-09-23,2026-11-22,https://estagioandradegutierrez.gupy.io/job/eyJqb2JJZCI6MTI1Njc5NDcsInNvdXJjZSI6Imd1cHlfcG9ydGFsIn0=?jobBoardSource=gupy_portal,Estágio TI
Programa de Estágio - Suporte de TI,Helbor Empreendimentos S. A.,São Paulo,São Paulo,on-site,2026-09-17,2026-11-15,https://helbor.gupy.io/job/eyJqb2JJZCI6MTI1MDY4NzUsInNvdXJjZSI6Imd1cHlfcG9ydGFsIn0=?jobBoardSource=gupy_portal,Estágio TI
Estágio em TI,METALSIDER LTDA,Betim,Minas Gerais,on-site,2026-09-03,2026-10-17,https://metalsider.gupy.io/job/eyJqb2JJZCI6MTIxNjUzNzUsInNvdXJjZSI6Imd1cHlfcG9ydGFsIn0=?jobBoardSource=gupy_portal,Estágio TI
Estágio Compras - (TI),Agronegócio,Curitiba,Paraná,on-site,2026-09-03,2026-11-02,https://grupofertipar.gupy.io/job/eyJqb2JJZCI6MTI0MTY3MzMsInNvdXJjZSI6Imd1cHlfcG9ydGFsIn0=?jobBoardSource=gupy_portal,Estágio TI
Estágio em TI (Help Desk),Ecogen Brasil,São Paulo,São Paulo,hybrid,2026-09-02,2026-11-30,https://ecogenbrasil.gupy.io/job/eyJqb2JJZCI6MTIxNzAyMzEsInNvdXJjZSI6Imd1cHlfcG9ydGFsIn0=?jobBoardSource=gupy_portal,Estágio TI
ESTÁGIO EM TI,SODRAMAR,Diadema,São Paulo,on-site,2026-08-31,2026-10-30,https://sodramar.gupy.io/job/eyJqb2JJZCI6MTIzODM0NDgsInNvdXJjZSI6Imd1cHlfcG9ydGFsIn0=?jobBoardSource=gupy_portal,Estágio TI
"Estágio em TI - Tecnologia da Informação, Ciência da Computação, Sistemas de Informação, Engenharia da Computação, Engenharia de Software -INGRAM BRASIL",Via de Acesso,Barueri,São Paulo,on-site,2026-08-24,2026-10-23,https://viadeacesso.gupy.io/job/eyJqb2JJZCI6MTIyNjUwNjIsInNvdXJjZSI6Imd1cHlfcG9ydGFsIn0=?jobBoardSource=gupy_portal,Estágio TI
Grupo RPN | Estágio em TI (Suporte) - Americana/SP,Grupo RPN,Americana,São Paulo,on-site,2026-08-13,2026-10-12,https://gruporpn.gupy.io/job/eyJqb2JJZCI6MTIwNzM4ODcsInNvdXJjZSI6Imd1cHlfcG9ydGFsIn0=?jobBoardSource=gupy_portal,Estágio TI
Estágio em TI - Colégio Sagrado Coração de Maria (Pará de Minas/MG),Rede Verbita de Educação,Pará de Minas,Minas Gerais,on-site,2026-08-10,2026-10-05,https://redeverbita.gupy.io/job/eyJqb2JJZCI6MTIwMjgxNDIsInNvdXJjZSI6Imd1cHlfcG9ydGFsIn0=?jobBoardSource=gupy_portal,Estágio TI
Estágio em TI - Colégio Arnaldo Funcionários,Rede Verbita de Educação,Belo Horizonte,Minas Gerais,on-site,2026-08-10,2026-10-09,https://redeverbita.gupy.io/job/eyJqb2JJZCI6MTIwMjYxOTksInNvdXJjZSI6Imd1cHlfcG9ydGFsIn0=?jobBoardSource=gupy_portal,Estágio TI
Estágio TI,Confidencial430,Osasco,São Paulo,on-site,2026-02-06,2027-12-07,https://paginaconfidencial430.gupy.io/job/eyJqb2JJZCI6MTA4MTk5MjAsInNvdXJjZSI6Imd1cHlfcG9ydGFsIn0=?jobBoardSource=gupy_portal,Estágio TI
Estagio TI - Suporte N1,Stefanini Group,Sorocaba,São Paulo,hybrid,2024-02-01,,https://stefanini.gupy.io/job/eyJqb2JJZCI6NjcwMzExNywic291cmNlIjoiZ3VweV9wb3J0YWwifQ==?jobBoardSource=gupy_portal,Estágio TI
Estágio em Tecnologia da Informação ,Grupo MAG,Rio de Janeiro,Rio de Janeiro,hybrid,2026-10-02,2026-10-15,https://grupomag.gupy.io/job/eyJqb2JJZCI6MTI1MTI5NzMsInNvdXJjZSI6Imd1cHlfcG9ydGFsIn0=?jobBoardSource=gupy_portal,Estágio Tecnologia
Estágio em Tecnologia da Informação ,Grupo SEB,São Paulo,São Paulo,on-site,2026-10-01,2026-11-30,https://gruposeb.gupy.io/job/eyJqb2JJZCI6MTI2NTYwNTcsInNvdXJjZSI6Imd1cHlfcG9ydGFsIn0=?jobBoardSource=gupy_portal,Estágio Tecnologia
Estágio em Tecnologia - Suporte,FGC - Fundo Garantidor de Créditos,São Paulo,São Paulo,hybrid,2026-09-30,2026-10-09,https://vagasfgc.gupy.io/job/eyJqb2JJZCI6MTI2NDE5NTIsInNvdXJjZSI6Imd1cHlfcG9ydGFsIn0=?jobBoardSource=gupy_portal,Estágio Tecnologia
Estágio em Tecnologia da Informação,Fundação Cásper Líbero,São Paulo,São Paulo,on-site,2026-09-22,2026-10-24,https://fcl.gupy.io/job/eyJqb2JJZCI6MTI1NTUyODAsInNvdXJjZSI6Imd1cHlfcG9ydGFsIn0=?jobBoardSource=gupy_portal,Estágio Tecnologia
Programa de Estágio em Tecnologia | Afirmativo para Pessoas Negras - São Paulo,VempraFTD,São Paulo,São Paulo,hybrid,2026-09-09,2026-10-09,https://vempraftd.gupy.io/job/eyJqb2JJZCI6MTIwMjk4MjcsInNvdXJjZSI6Imd1cHlfcG9ydGFsIn0=?jobBoardSource=gupy_portal,Estágio Tecnologia
ESTÁGIO DE TECNOLOGIA DA INFORMAÇÃO,Bauducco,Guarulhos,São Paulo,on-site,2026-09-03,2026-10-31,https://bauducco.gupy.io/job/eyJqb2JJZCI6MTI0MTgyODYsInNvdXJjZSI6Imd1cHlfcG9ydGFsIn0=?jobBoardSource=gupy_portal,Estágio Tecnologia
Estágio em Tecnologia - Inteligência Artificial e Soluções Conversacionais,Stefanini Group,São Paulo,São Paulo,on-site,2026-09-03,2027-01-31,https://stefanini.gupy.io/job/eyJqb2JJZCI6MTI0MTE1NzUsInNvdXJjZSI6Imd1cHlfcG9ydGFsIn0=?jobBoardSource=gupy_portal,Estágio Tecnologia
Estágio em Tecnologia,Estágio em Tecnologia do Instituto Infnet,Rio de Janeiro,Rio de Janeiro,on-site,2026-09-01,2026-11-27,https://estagio-tech-infnet.gupy.io/job/eyJqb2JJZCI6MTIzOTcyMzUsInNvdXJjZSI6Imd1cHlfcG9ydGFsIn0=?jobBoardSource=gupy_portal,Estágio Tecnologia
Estágio em Soluções de Tecnologia,Positivo Tecnologia,Curitiba,Paraná,on-site,2026-09-01,2026-10-31,https://positivotecnologia.gupy.io/job/eyJqb2JJZCI6MTIzOTY2MTgsInNvdXJjZSI6Imd1cHlfcG9ydGFsIn0=?jobBoardSource=gupy_portal,Estágio Tecnologia
Estagiária/Estagiário Tecnologia em Automação ou afins | Laboratório da Qualidade Assegurada,Toledo do Brasil,São Bernardo do Campo,São Paulo,on-site,2026-08-28,2026-11-03,https://toledobrasil.gupy.io/job/eyJqb2JJZCI6MTIxNDE3NTUsInNvdXJjZSI6Imd1cHlfcG9ydGFsIn0=?jobBoardSource=gupy_portal,Estágio Tecnologia
Estagiária/Estagiário Tecnologia em Automação ou afins | Controle da Qualidade Recebimento,Toledo do Brasil,São Bernardo do Campo,São Paulo,on-site,2026-08-28,2026-11-03,https://toledobrasil.gupy.io/job/eyJqb2JJZCI6MTIxNDEzOTUsInNvdXJjZSI6Imd1cHlfcG9ydGFsIn0=?jobBoardSource=gupy_portal,Estágio Tecnologia
"Estágio em TI - Tecnologia da Informação, Ciência da Computação, Sistemas de Informação, Engenharia da Computação, Engenharia de Software -INGRAM BRASIL",Via de Acesso,Barueri,São Paulo,on-site,2026-08-24,2026-10-23,https://viadeacesso.gupy.io/job/eyJqb2JJZCI6MTIyNjUwNjIsInNvdXJjZSI6Imd1cHlfcG9ydGFsIn0=?jobBoardSource=gupy_portal,Estágio Tecnologia
"Estágio em Tecnologia - Automação, IA & Desenvolvimento",B4A,São Paulo,São Paulo,on-site,2026-08-20,2026-10-19,https://b4a.gupy.io/job/eyJqb2JJZCI6MTIyMDQ1MzcsInNvdXJjZSI6Imd1cHlfcG9ydGFsIn0=?jobBoardSource=gupy_portal,Estágio Tecnologia
Estágio Tecnologia ,Safra,São Paulo,São Paulo,on-site,2023-12-05,,https://venhasersafra.gupy.io/job/eyJqb2JJZCI6NjE3NzEyMSwic291cmNlIjoiZ3VweV9wb3J0YWwifQ==?jobBoardSource=gupy_portal,Estágio Tecnologia
ESTÁGIO - ENGENHARIA/ANÁLISE DE DADOS,NSG Group,Caçapava,São Paulo,on-site,2026-09-30,2026-10-30,https://nsggroup.gupy.io/job/eyJqb2JJZCI6MTI1NjgyODQsInNvdXJjZSI6Imd1cHlfcG9ydGFsIn0=?jobBoardSource=gupy_portal,Estágio Dados
Estágio em Contabilidade: Dados e Inteligência Artificial,Instituto Infnet - Venha ser estagiário ou trainee!,,,remote,2026-09-21,2026-12-21,https://estagio-e-trainee-infnet.gupy.io/job/eyJqb2JJZCI6MTI1NDA0MDUsInNvdXJjZSI6Imd1cHlfcG9ydGFsIn0=?jobBoardSource=gupy_portal,Estágio Dados
"Programa de Estágio em Dados, Relatórios e Indicadores| Afirmativo para Pessoas Negras",VempraFTD,São Paulo,São Paulo,on-site,2026-09-11,2026-10-12,https://vempraftd.gupy.io/job/eyJqb2JJZCI6MTE5NzIyNDUsInNvdXJjZSI6Imd1cHlfcG9ydGFsIn0=?jobBoardSource=gupy_portal,Estágio Dados
Estágio em Controle de Dados | RH ,Tupy,Joinville,Santa Catarina,on-site,2026-09-03,2026-11-02,https://tupy.gupy.io/job/eyJqb2JJZCI6MTI0MTYwMDUsInNvdXJjZSI6Imd1cHlfcG9ydGFsIn0=?jobBoardSource=gupy_portal,Estágio Dados
Estágio de Engenharia de Dados ,Belgo Arames,Contagem,Minas Gerais,hybrid,2026-09-01,2026-10-31,https://belgo.gupy.io/job/eyJqb2JJZCI6MTIzOTA2NTMsInNvdXJjZSI6Imd1cHlfcG9ydGFsIn0=?jobBoardSource=gupy_portal,Estágio Dados
Estágio em Análise de Dados,Venha construir o futuro com a gente!,Belo Horizonte,Minas Gerais,on-site,2026-08-31,2026-10-27,https://vagas-mrveco.gupy.io/job/eyJqb2JJZCI6MTIzMzM1OTIsInNvdXJjZSI6Imd1cHlfcG9ydGFsIn0=?jobBoardSource=gupy_portal,Estágio Dados
Estágio em Ciência de Dados,Venha construir o futuro com a gente!,Belo Horizonte,Minas Gerais,on-site,2026-08-24,2026-10-11,https://vagas-mrveco.gupy.io/job/eyJqb2JJZCI6MTIwNTU0ODMsInNvdXJjZSI6Imd1cHlfcG9ydGFsIn0=?jobBoardSource=gupy_portal,Estágio Dados
Estagiária/Estagiário de Dados,Votorantim Cimentos - Jovens Talentos,São Paulo,São Paulo,hybrid,2026-08-10,2026-10-16,https://votorantimcimentostalentos.gupy.io/job/eyJqb2JJZCI6MTIwMjM4NDIsInNvdXJjZSI6Imd1cHlfcG9ydGFsIn0=?jobBoardSource=gupy_portal,Estágio Dados
Estágio de Sistema de Gestão - Seara | Seara - SC,Estágio JBS,Seara,Santa Catarina,on-site,2026-10-01,2026-10-18,https://estagiojbs.gupy.io/job/eyJqb2JJZCI6MTI2NDgxNTMsInNvdXJjZSI6Imd1cHlfcG9ydGFsIn0=?jobBoardSource=gupy_portal,Estágio Sistemas
Estágio Engenharia de Sistemas ,SMS group,Belo Horizonte,Minas Gerais,hybrid,2026-09-30,2026-11-28,https://smstalents.gupy.io/job/eyJqb2JJZCI6MTI2Mjc0MTYsInNvdXJjZSI6Imd1cHlfcG9ydGFsIn0=?jobBoardSource=gupy_portal,Estágio Sistemas
Estágio de Sistema de Gestão - Seara | Caxias do Sul - RS,Estágio JBS,Caxias do Sul,Rio Grande do Sul,on-site,2026-09-25,2026-10-18,https://estagiojbs.gupy.io/job/eyJqb2JJZCI6MTI1ODg2NTEsInNvdXJjZSI6Imd1cHlfcG9ydGFsIn0=?jobBoardSource=gupy_portal,Estágio Sistemas
Estágio de Sistema de Gestão - Seara | Amparo - SP,Estágio JBS,Amparo,São Paulo,on-site,2026-09-25,2026-10-18,https://estagiojbs.gupy.io/job/eyJqb2JJZCI6MTI1ODg2OTAsInNvdXJjZSI6Imd1cHlfcG9ydGFsIn0=?jobBoardSource=gupy_portal,Estágio Sistemas
Estágio de Sistema de Gestão - Seara | Forquilhinha - SC,Estágio JBS,Forquilhinha,Santa Catarina,on-site,2026-09-25,2026-10-18,https://estagiojbs.gupy.io/job/eyJqb2JJZCI6MTI1ODg1ODAsInNvdXJjZSI6Imd1cHlfcG9ydGFsIn0=?jobBoardSource=gupy_portal,Estágio Sistemas
Estágio de Sistema de Gestão - Seara | Passo Fundo - RS,Estágio JBS,Passo Fundo,Rio Grande do Sul,on-site,2026-09-25,2026-10-18,https://estagiojbs.gupy.io/job/eyJqb2JJZCI6MTI1ODcxODksInNvdXJjZSI6Imd1cHlfcG9ydGFsIn0=?jobBoardSource=gupy_portal,Estágio Sistemas
Estágio de Sistema de Gestão - Seara | Sidrolândia - MS,Estágio JBS,Sidrolândia,Mato Grosso do Sul,on-site,2026-09-25,2026-10-18,https://estagiojbs.gupy.io/job/eyJqb2JJZCI6MTI1ODczMzUsInNvdXJjZSI6Imd1cHlfcG9ydGFsIn0=?jobBoardSource=gupy_portal,Estágio Sistemas
Estágio de Sistema de Gestão - Seara | Osasco - SP,Estágio JBS,Osasco,São Paulo,on-site,2026-09-25,2026-10-18,https://estagiojbs.gupy.io/job/eyJqb2JJZCI6MTI1ODQyODksInNvdXJjZSI6Imd1cHlfcG9ydGFsIn0=?jobBoardSource=gupy_portal,Estágio Sistemas
Estágio de Sistema de Gestão - Seara | Lages - SC,Estágio JBS,Lages,Santa Catarina,on-site,2026-09-25,2026-10-18,https://estagiojbs.gupy.io/job/eyJqb2JJZCI6MTI1ODU5NTIsInNvdXJjZSI6Imd1cHlfcG9ydGFsIn0=?jobBoardSource=gupy_portal,Estágio Sistemas
Estágio de Sistema de Gestão - Seara | Jaguariúna - SP ,Estágio JBS,Jaguariúna,São Paulo,on-site,2026-09-25,2026-10-18,https://estagiojbs.gupy.io/job/eyJqb2JJZCI6MTI1ODQ4MjgsInNvdXJjZSI6Imd1cHlfcG9ydGFsIn0=?jobBoardSource=gupy_portal,Estágio Sistemas
Estágio TI - (Sistemas),Agronegócio,Curitiba,Paraná,on-site,2026-09-24,2026-11-23,https://grupofertipar.gupy.io/job/eyJqb2JJZCI6MTI1ODQ1NDAsInNvdXJjZSI6Imd1cHlfcG9ydGFsIn0=?jobBoardSource=gupy_portal,Estágio Sistemas
Estágio de Sistemas e Eficiência de Dados,Casa dos Ventos,Fortaleza,Ceará,on-site,2026-09-22,2026-11-30,https://casadosventos.gupy.io/job/eyJqb2JJZCI6MTE2MzY1OTEsInNvdXJjZSI6Imd1cHlfcG9ydGFsIn0=?jobBoardSource=gupy_portal,Estágio Sistemas
Estágio em Desenvolvimento de Sistemas,MICHELIN Connected Fleet - Programas de desenvolvimento,Barueri,São Paulo,hybrid,2026-09-17,2026-11-16,https://programasmichelinconnectedfleet.gupy.io/job/eyJqb2JJZCI6MTI1MTE0NjYsInNvdXJjZSI6Imd1cHlfcG9ydGFsIn0=?jobBoardSource=gupy_portal,Estágio Sistemas
Estágio em Desenvolvimento de Sistemas,MICHELIN Connected Fleet - Programas de desenvolvimento,Barueri,São Paulo,hybrid,2026-09-15,2026-11-14,https://programasmichelinconnectedfleet.gupy.io/job/eyJqb2JJZCI6MTI0OTczOTksInNvdXJjZSI6Imd1cHlfcG9ydGFsIn0=?jobBoardSource=gupy_portal,Estágio Sistemas
Estágio em Sistema MES,Belgo Arames,Itaúna,Minas Gerais,on-site,2026-09-15,2026-11-14,https://belgo.gupy.io/job/eyJqb2JJZCI6MTI0ODg2NTgsInNvdXJjZSI6Imd1cHlfcG9ydGFsIn0=?jobBoardSource=gupy_portal,Estágio Sistemas
Pessoa Estagiária de Sistemas ,Atlantic Nickel,Belo Horizonte,Minas Gerais,hybrid,2026-09-03,2026-10-11,https://atlanticnickel.gupy.io/job/eyJqb2JJZCI6MTIwNjEzMTYsInNvdXJjZSI6Imd1cHlfcG9ydGFsIn0=?jobBoardSource=gupy_portal,Estágio Sistemas
Estágio em Desenvolvimento Android,Instituto de Pesquisas ELDORADO,,,remote,2026-09-28,2026-11-30,https://institutoeldorado.gupy.io/job/eyJqb2JJZCI6MTI0NTIyOTYsInNvdXJjZSI6Imd1cHlfcG9ydGFsIn0=?jobBoardSource=gupy_portal,Estágio Desenvolvimento
DN - Estágio em Desenvolvimento de Negócios,Inatel,Santa Rita do Sapucaí,Minas Gerais,on-site,2026-09-25,2026-10-30,https://inatel.gupy.io/job/eyJqb2JJZCI6MTI1ODQ0NDIsInNvdXJjZSI6Imd1cHlfcG9ydGFsIn0=?jobBoardSource=gupy_portal,Estágio Desenvolvimento
Estágio em Desenvolvimento de Integrações | Consultoria em TI. - (Tecnologia da Informação - Desenv. de Sistemas) EDI LABS,Via de Acesso,São Paulo,São Paulo,on-site,2026-09-23,2026-11-22,https://viadeacesso.gupy.io/job/eyJqb2JJZCI6MTI1NzQ3MzAsInNvdXJjZSI6Imd1cHlfcG9ydGFsIn0=?jobBoardSource=gupy_portal,Estágio Desenvolvimento
Estágio em Desenvolvimento de Sistemas,MICHELIN Connected Fleet - Programas de desenvolvimento,Barueri,São Paulo,hybrid,2026-09-17,2026-11-16,https://programasmichelinconnectedfleet.gupy.io/job/eyJqb2JJZCI6MTI1MTE0NjYsInNvdXJjZSI6Imd1cHlfcG9ydGFsIn0=?jobBoardSource=gupy_portal,Estágio Desenvolvimento
Estágio em Desenvolvimento de Sistemas,MICHELIN Connected Fleet - Programas de desenvolvimento,Barueri,São Paulo,hybrid,2026-09-15,2026-11-14,https://programasmichelinconnectedfleet.gupy.io/job/eyJqb2JJZCI6MTI0OTczOTksInNvdXJjZSI6Imd1cHlfcG9ydGFsIn0=?jobBoardSource=gupy_portal,Estágio Desenvolvimento
Estágio em Desenvolvimento de Produto - Front End,GestãoDS,Santa Maria,Rio Grande do Sul,on-site,2026-09-14,2026-10-10,https://vempragestaods.gupy.io/job/eyJqb2JJZCI6MTI0Njc5NTcsInNvdXJjZSI6Imd1cHlfcG9ydGFsIn0=?jobBoardSource=gupy_portal,Estágio Desenvolvimento
Estágio em Desenvolvimento FullStack,Instituto de Pesquisas ELDORADO,Manaus,Amazonas,hybrid,2026-09-11,2026-11-30,https://institutoeldorado.gupy.io/job/eyJqb2JJZCI6MTI0MzIyMTAsInNvdXJjZSI6Imd1cHlfcG9ydGFsIn0=?jobBoardSource=gupy_portal,Estágio Desenvolvimento
ESTÁGIO - Pesquisa e Desenvolvimento em Engenharia,Tecban,Cotia,São Paulo,on-site,2026-09-09,2026-10-26,https://tecban.gupy.io/job/eyJqb2JJZCI6MTIzMjQxMTIsInNvdXJjZSI6Imd1cHlfcG9ydGFsIn0=?jobBoardSource=gupy_portal,Estágio Desenvolvimento
Vaga de Estágio em Arquitetura - Desenvolvimento de Produto ,OR,Salvador,Bahia,on-site,2026-09-08,2027-01-04,https://or.gupy.io/job/eyJqb2JJZCI6MTI0Mzk2MjAsInNvdXJjZSI6Imd1cHlfcG9ydGFsIn0=?jobBoardSource=gupy_portal,Estágio Desenvolvimento
Pessoa Estagiária de Desenvolvimento em IA,Atlantic Nickel,Belo Horizonte,Minas Gerais,hybrid,2026-09-03,2026-10-09,https://atlanticnickel.gupy.io/job/eyJqb2JJZCI6MTIwMjg3NjUsInNvdXJjZSI6Imd1cHlfcG9ydGFsIn0=?jobBoardSource=gupy_portal,Estágio Desenvolvimento
Estágio em desenvolvimento Android,Instituto de Pesquisas ELDORADO,Campinas,São Paulo,on-site,2026-09-03,2026-10-26,https://institutoeldorado.gupy.io/job/eyJqb2JJZCI6MTIzMTcyOTgsInNvdXJjZSI6Imd1cHlfcG9ydGFsIn0=?jobBoardSource=gupy_portal,Estágio Desenvolvimento
Estágio em Recurso Humanos | Desenvolvimento Humano Organizacional,Tupy,Betim,Minas Gerais,on-site,2026-09-01,2026-10-31,https://tupy.gupy.io/job/eyJqb2JJZCI6MTIzOTM2NzIsInNvdXJjZSI6Imd1cHlfcG9ydGFsIn0=?jobBoardSource=gupy_portal,Estágio Desenvolvimento
Estágio em Gestão de Desenvolvimento Android,Instituto de Pesquisas ELDORADO,Campinas,São Paulo,hybrid,2026-08-27,2026-10-12,https://institutoeldorado.gupy.io/job/eyJqb2JJZCI6MTIwNzY0ODksInNvdXJjZSI6Imd1cHlfcG9ydGFsIn0=?jobBoardSource=gupy_portal,Estágio Desenvolvimento
Estágio em Arquitetura – Desenvolvimento de Produto  ,OR,Recife,Pernambuco,on-site,2026-08-19,2026-12-07,https://or.gupy.io/job/eyJqb2JJZCI6MTIxODY0MzcsInNvdXJjZSI6Imd1cHlfcG9ydGFsIn0=?jobBoardSource=gupy_portal,Estágio Desenvolvimento
Estágio em Pesquisa e Desenvolvimento - Campinas/SP ,Ecolab,Campinas,São Paulo,on-site,2026-05-26,2027-02-25,https://ecolab.gupy.io/job/eyJqb2JJZCI6MTEzNjU0NDcsInNvdXJjZSI6Imd1cHlfcG9ydGFsIn0=?jobBoardSource=gupy_portal,Estágio Desenvolvimento
Estágio em Desenvolvimento de Software,Nelogica,Porto Alegre,Rio Grande do Sul,on-site,2024-07-08,,https://nelogica.gupy.io/job/eyJqb2JJZCI6NzQzMzIwMywic291cmNlIjoiZ3VweV9wb3J0YWwifQ==?jobBoardSource=gupy_portal,Estágio Desenvolvimento
Estágio de Desenvolvimento de Produtos Automotivos (Eletroeletrônica),IDIADA,São Bernardo do Campo,São Paulo,on-site,2022-07-22,,https://idiada&75218&inactive.gupy.io/job/eyJqb2JJZCI6MjY2MDM5OCwic291cmNlIjoiZ3VweV9wb3J0YWwifQ==?jobBoardSource=gupy_portal,Estágio Desenvolvimento
Estágio em Engenharia de Software,SiDi,Campinas,São Paulo,on-site,2026-09-10,2026-11-09,https://sidi.gupy.io/job/eyJqb2JJZCI6MTI0NTg3MzEsInNvdXJjZSI6Imd1cHlfcG9ydGFsIn0=?jobBoardSource=gupy_portal,Estágio Software
"Estágio em Testes de Software (Android, IA e Cibersegurança)",SiDi,Campinas,São Paulo,on-site,2026-09-10,2026-12-07,https://sidi.gupy.io/job/eyJqb2JJZCI6MTI0NTQwMzUsInNvdXJjZSI6Imd1cHlfcG9ydGFsIn0=?jobBoardSource=gupy_portal,Estágio Software
Estágio em Testes de Software – IA e Voice Assistant (Vaga Afirmativa para mulheres),SiDi,Manaus,Amazonas,on-site,2026-09-08,2026-11-07,https://sidi.gupy.io/job/eyJqb2JJZCI6MTI0MzkxNTcsInNvdXJjZSI6Imd1cHlfcG9ydGFsIn0=?jobBoardSource=gupy_portal,Estágio Software
Estágio em Testes de Software – IA e Voice Assistant,SiDi,Manaus,Amazonas,on-site,2026-09-08,2026-11-01,https://sidi.gupy.io/job/eyJqb2JJZCI6MTI0MDk3NzksInNvdXJjZSI6Imd1cHlfcG9ydGFsIn0=?jobBoardSource=gupy_portal,Estágio Software
Estágio em Desenvolvimento de Software,Nelogica,Porto Alegre,Rio Grande do Sul,on-site,2024-07-08,,https://nelogica.gupy.io/job/eyJqb2JJZCI6NzQzMzIwMywic291cmNlIjoiZ3VweV9wb3J0YWwifQ==?jobBoardSource=gupy_portal,Estágio Software
Estágio em Tecnologia - Suporte,FGC - Fundo Garantidor de Créditos,São Paulo,São Paulo,hybrid,2026-09-30,2026-10-09,https://vagasfgc.gupy.io/job/eyJqb2JJZCI6MTI2NDE5NTIsInNvdXJjZSI6Imd1cHlfcG9ydGFsIn0=?jobBoardSource=gupy_portal,Estágio Suporte
Estágio - Suporte ao Cliente - JUNDIAÍ ,TAM Aviação Executiva,Jundiaí,São Paulo,on-site,2026-09-29,2026-11-28,https://tamaviacaoexecutiva.gupy.io/job/eyJqb2JJZCI6MTI2MzQ3MjYsInNvdXJjZSI6Imd1cHlfcG9ydGFsIn0=?jobBoardSource=gupy_portal,Estágio Suporte
Estágio | Suporte Técnico ,Grupo Nexxees,Florianópolis,Santa Catarina,on-site,2026-09-24,2026-11-23,https://gruponexxees.gupy.io/job/eyJqb2JJZCI6MTI1ODEyOTQsInNvdXJjZSI6Imd1cHlfcG9ydGFsIn0=?jobBoardSource=gupy_portal,Estágio Suporte
Pessoa Estagiária em Suporte ao Cliente SaaS (Remoto) - 5893,Starian,,,remote,2026-09-18,2026-10-19,https://starian.gupy.io/job/eyJqb2JJZCI6MTIxOTU4OTMsInNvdXJjZSI6Imd1cHlfcG9ydGFsIn0=?jobBoardSource=gupy_portal,Estágio Suporte
Estágio em Suporte ao Cliente,GestãoDS,Santa Maria,Rio Grande do Sul,on-site,2026-09-17,2026-11-17,https://vempragestaods.gupy.io/job/eyJqb2JJZCI6MTI1MTg0ODcsInNvdXJjZSI6Imd1cHlfcG9ydGFsIn0=?jobBoardSource=gupy_portal,Estágio Suporte
Programa de Estágio - Suporte de TI,Helbor Empreendimentos S. A.,São Paulo,São Paulo,on-site,2026-09-17,2026-11-15,https://helbor.gupy.io/job/eyJqb2JJZCI6MTI1MDY4NzUsInNvdXJjZSI6Imd1cHlfcG9ydGFsIn0=?jobBoardSource=gupy_portal,Estágio Suporte
Grupo RPN | Estágio em TI (Suporte) - Americana/SP,Grupo RPN,Americana,São Paulo,on-site,2026-08-13,2026-10-12,https://gruporpn.gupy.io/job/eyJqb2JJZCI6MTIwNzM4ODcsInNvdXJjZSI6Imd1cHlfcG9ydGFsIn0=?jobBoardSource=gupy_portal,Estágio Suporte
Estágio de Suporte Acadêmico,Instituto Infnet - Venha ser estagiário ou trainee!,,,remote,2026-08-13,2026-11-27,https://estagio-e-trainee-infnet.gupy.io/job/eyJqb2JJZCI6MTIwNzI3NjcsInNvdXJjZSI6Imd1cHlfcG9ydGFsIn0=?jobBoardSource=gupy_portal,Estágio Suporte
Estágio em Suporte Comercial (Vaga Remota - BH e SP),Carreiras Méliuz,,,remote,2026-07-13,2026-10-31,https://meliuz.gupy.io/job/eyJqb2JJZCI6MTE1OTE0NjcsInNvdXJjZSI6Imd1cHlfcG9ydGFsIn0=?jobBoardSource=gupy_portal,Estágio Suporte
ESTAGIÁRIA EM ATENDIMENTO E SUPORTE CLINÍCO - CEMI ,JANAINA RODRIGUES ASSESSORIA,Itapipoca,Ceará,on-site,2026-05-08,2026-12-07,https://janainarodrigues.gupy.io/job/eyJqb2JJZCI6MTEyNTYxMTIsInNvdXJjZSI6Imd1cHlfcG9ydGFsIn0=?jobBoardSource=gupy_portal,Estágio Suporte
Estagio TI - Suporte N1,Stefanini Group,Sorocaba,São Paulo,hybrid,2024-02-01,,https://stefanini.gupy.io/job/eyJqb2JJZCI6NjcwMzExNywic291cmNlIjoiZ3VweV9wb3J0YWwifQ==?jobBoardSource=gupy_portal,Estágio Suporte
ESTÁGIO - SEGURANÇA E INFRAESTRUTURA,#QueroSerMercantil,Belo Horizonte,Minas Gerais,on-site,2024-01-29,,https://estagiomercantil.gupy.io/job/eyJqb2JJZCI6NjY4NTc5MSwic291cmNlIjoiZ3VweV9wb3J0YWwifQ==?jobBoardSource=gupy_portal,Estágio Infraestrutura
BI - Estágio em Engenharia Civil,Brasal,Brasília,Distrito Federal,on-site,2026-09-21,2026-10-02,https://brasal.gupy.io/job/eyJqb2JJZCI6MTE5NDE1NDMsInNvdXJjZSI6Imd1cHlfcG9ydGFsIn0=?jobBoardSource=gupy_portal,Estágio BI
Estágio em Programação e Automação Industrial | Montes Claros-MG,People Nexus,Montes Claros,Minas Gerais,on-site,2026-09-21,2026-10-21,https://vaga-ja.com/vagas/people-nexus/people-nexus-estagio-em-programacao-e-automacao-industrial-montes-claros-mg?jobBoardSource=gupy_portal,Estágio Automação
Programa de Estágio Passarelli (Engenharia de Automação / Elétrica) - Maceió/AL,Passarelli,Maceió,Alagoas,on-site,2026-09-16,2026-11-15,https://carreiraspassarelli.gupy.io/job/eyJqb2JJZCI6MTI1MDEzMjksInNvdXJjZSI6Imd1cHlfcG9ydGFsIn0=?jobBoardSource=gupy_portal,Estágio Automação
Estágio em Automação | RJ,Grupo Monto,Rio de Janeiro,Rio de Janeiro,on-site,2026-09-03,2026-11-02,https://grupomonto.gupy.io/job/eyJqb2JJZCI6MTI0MTcyMDcsInNvdXJjZSI6Imd1cHlfcG9ydGFsIn0=?jobBoardSource=gupy_portal,Estágio Automação
Estagiária/Estagiário Tecnologia em Automação ou afins | Laboratório da Qualidade Assegurada,Toledo do Brasil,São Bernardo do Campo,São Paulo,on-site,2026-08-28,2026-11-03,https://toledobrasil.gupy.io/job/eyJqb2JJZCI6MTIxNDE3NTUsInNvdXJjZSI6Imd1cHlfcG9ydGFsIn0=?jobBoardSource=gupy_portal,Estágio Automação
Estagiária/Estagiário Tecnologia em Automação ou afins | Controle da Qualidade Recebimento,Toledo do Brasil,São Bernardo do Campo,São Paulo,on-site,2026-08-28,2026-11-03,https://toledobrasil.gupy.io/job/eyJqb2JJZCI6MTIxNDEzOTUsInNvdXJjZSI6Imd1cHlfcG9ydGFsIn0=?jobBoardSource=gupy_portal,Estágio Automação
"Estágio em Tecnologia - Automação, IA & Desenvolvimento",B4A,São Paulo,São Paulo,on-site,2026-08-20,2026-10-19,https://b4a.gupy.io/job/eyJqb2JJZCI6MTIyMDQ1MzcsInNvdXJjZSI6Imd1cHlfcG9ydGFsIn0=?jobBoardSource=gupy_portal,Estágio Automação
Estagiário TI - Help Desk,Camed Saúde,Fortaleza,Ceará,on-site,2026-09-30,2026-10-04,https://camed.gupy.io/job/eyJqb2JJZCI6MTI2MzgyNDcsInNvdXJjZSI6Imd1cHlfcG9ydGFsIn0=?jobBoardSource=gupy_portal,Estagiário TI
Estagiário de TI Infra,Constellation Oil Services,Rio de Janeiro,Rio de Janeiro,hybrid,2026-09-30,2026-11-05,https://theconstellation.gupy.io/job/eyJqb2JJZCI6MTI2NTE4NjksInNvdXJjZSI6Imd1cHlfcG9ydGFsIn0=?jobBoardSource=gupy_portal,Estagiário TI
Estagiário de TI (Help Desk - Suporte) ,Faça parte do time Vieira Rezende Advogados!,São Paulo,São Paulo,on-site,2026-09-30,2026-11-29,https://vieirarezendeadv.gupy.io/job/eyJqb2JJZCI6MTI2NDk3MzUsInNvdXJjZSI6Imd1cHlfcG9ydGFsIn0=?jobBoardSource=gupy_portal,Estagiário TI
Estagiário de TI  - Segurança da Informação,Santa Casa da Bahia,Salvador,Bahia,on-site,2026-09-28,2026-11-27,https://santacasaba.gupy.io/job/eyJqb2JJZCI6MTI2MTE4NDgsInNvdXJjZSI6Imd1cHlfcG9ydGFsIn0=?jobBoardSource=gupy_portal,Estagiário TI
Estagiário de TI,Carpal | New Holland,Goiânia,Goiás,on-site,2026-09-28,2026-11-24,https://carpal.gupy.io/job/eyJqb2JJZCI6MTI2MDU1OTUsInNvdXJjZSI6Imd1cHlfcG9ydGFsIn0=?jobBoardSource=gupy_portal,Estagiário TI
ESTAGIÁRIO DE COMPRAS SETOR TI,Grupo Positivo,Curitiba,Paraná,hybrid,2026-09-25,2026-12-01,https://positivo.gupy.io/job/eyJqb2JJZCI6MTI1NTI2NTYsInNvdXJjZSI6Imd1cHlfcG9ydGFsIn0=?jobBoardSource=gupy_portal,Estagiário TI
Estagiário de TI,Modular Data Centers,Santana de Parnaíba,São Paulo,hybrid,2026-09-24,2026-11-15,https://modulardtc.gupy.io/job/eyJqb2JJZCI6MTI1MDUxNzMsInNvdXJjZSI6Imd1cHlfcG9ydGFsIn0=?jobBoardSource=gupy_portal,Estagiário TI
Estagiário de TI  - Desenvolvimento de Sistemas,Santa Casa da Bahia,Salvador,Bahia,on-site,2026-09-24,2026-11-23,https://santacasaba.gupy.io/job/eyJqb2JJZCI6MTI1ODI1MzIsInNvdXJjZSI6Imd1cHlfcG9ydGFsIn0=?jobBoardSource=gupy_portal,Estagiário TI
Estagiário(a) de TI - São Paulo,Programa de Estágio AHEAD - Tauil & Chequer Advogados associado a Mayer Brown,São Paulo,São Paulo,on-site,2026-09-23,2026-12-18,https://tauilechequerahead.gupy.io/job/eyJqb2JJZCI6MTI1Njk2MDAsInNvdXJjZSI6Imd1cHlfcG9ydGFsIn0=?jobBoardSource=gupy_portal,Estagiário TI
ESTAGIÁRIO EM TI - PORTO ALEGRE/RS,Wyntech,Porto Alegre,Rio Grande do Sul,on-site,2026-09-11,2026-10-05,https://wyntech.gupy.io/job/eyJqb2JJZCI6MTI0NTYxNjAsInNvdXJjZSI6Imd1cHlfcG9ydGFsIn0=?jobBoardSource=gupy_portal,Estagiário TI
Estagiário em TI,Orguel,Belo Horizonte,Minas Gerais,on-site,2026-09-09,2026-11-07,https://trabalheconoscoorguel.gupy.io/job/eyJqb2JJZCI6MTI0MzQ5MDAsInNvdXJjZSI6Imd1cHlfcG9ydGFsIn0=?jobBoardSource=gupy_portal,Estagiário TI
ESTAGIÁRIO - ADMINISTRATIVO DE TI,Orizon Valorização de Resíduos,São Paulo,São Paulo,on-site,2026-09-04,2026-12-31,https://orizon.gupy.io/job/eyJqb2JJZCI6MTIyODU3OTQsInNvdXJjZSI6Imd1cHlfcG9ydGFsIn0=?jobBoardSource=gupy_portal,Estagiário TI
Estagiário TI,Ituran Brasil,São Paulo,São Paulo,hybrid,2026-09-02,2026-10-02,https://vagasituran.gupy.io/job/eyJqb2JJZCI6MTIxNDE3MzcsInNvdXJjZSI6Imd1cHlfcG9ydGFsIn0=?jobBoardSource=gupy_portal,Estagiário TI
Estagiário de TI,Vertem,Barueri,São Paulo,hybrid,2026-08-26,2026-11-25,https://queroservertem.gupy.io/job/eyJqb2JJZCI6MTIyODQ1MzcsInNvdXJjZSI6Imd1cHlfcG9ydGFsIn0=?jobBoardSource=gupy_portal,Estagiário TI
Estagiário TI (Londrina),Trabalhe Conosco Toyopar,Londrina,Paraná,on-site,2026-08-24,2026-10-23,https://vemsertoyopar.gupy.io/job/eyJqb2JJZCI6MTIyNzAxNTksInNvdXJjZSI6Imd1cHlfcG9ydGFsIn0=?jobBoardSource=gupy_portal,Estagiário TI
PESSOA ESTAGIÁRIO(A) DE TI,Alvoar Lácteos,Fortaleza,Ceará,on-site,2026-08-18,2026-10-17,https://alvoarlacteos.gupy.io/job/eyJqb2JJZCI6MTIxNjkxODksInNvdXJjZSI6Imd1cHlfcG9ydGFsIn0=?jobBoardSource=gupy_portal,Estagiário TI
Estagiário de suporte TI 1°,Condor,São Bento do Sul,Santa Catarina,on-site,2026-08-17,2026-10-02,https://condor.gupy.io/job/eyJqb2JJZCI6MTE5MjUxNTAsInNvdXJjZSI6Imd1cHlfcG9ydGFsIn0=?jobBoardSource=gupy_portal,Estagiário TI
ESTAGIÁRIO (A) DE TI (PORTIFÓLIO) - Teresina/PI,TRR Cacique,Teresina,Piauí,on-site,2026-08-07,2026-10-06,https://trrcacique.gupy.io/job/eyJqb2JJZCI6MTE5ODkzMDAsInNvdXJjZSI6Imd1cHlfcG9ydGFsIn0=?jobBoardSource=gupy_portal,Estagiário TI
Estagiário(a) | Governança de TI,Grupo SEB,Ribeirão Preto,São Paulo,on-site,2026-06-12,2026-10-11,https://gruposeb.gupy.io/job/eyJqb2JJZCI6MTE0ODIyOTYsInNvdXJjZSI6Imd1cHlfcG9ydGFsIn0=?jobBoardSource=gupy_portal,Estagiário TI
Estagiário - TI ,Elgin,São Paulo,São Paulo,hybrid,2026-06-11,2026-10-16,https://sejaelgin.gupy.io/job/eyJqb2JJZCI6MTE0NzUwMTQsInNvdXJjZSI6Imd1cHlfcG9ydGFsIn0=?jobBoardSource=gupy_portal,Estagiário TI
Estagiário Tecnologia da Informação  ,Unilider Distribuidora,Rio de Janeiro,Rio de Janeiro,on-site,2026-09-23,2026-10-31,https://unilider.gupy.io/job/eyJqb2JJZCI6MTI1Nzc1NzMsInNvdXJjZSI6Imd1cHlfcG9ydGFsIn0=?jobBoardSource=gupy_portal,Estagiário Tecnologia
"Estagiário(a) de Tecnologia, Dados e Sistemas",Fragata e Antunes Advogados,Nova Lima,Minas Gerais,hybrid,2026-09-17,2026-11-08,https://fragataeantunes.gupy.io/job/eyJqb2JJZCI6MTI0NDg3NjIsInNvdXJjZSI6Imd1cHlfcG9ydGFsIn0=?jobBoardSource=gupy_portal,Estagiário Tecnologia
"[Tecnologia] Estagiário de Tecnologia (Desenvolvimento, Dados e IA)",Valenet Carreiras,Itabira,Minas Gerais,on-site,2026-09-09,2026-11-02,https://valenetcarreiras.gupy.io/job/eyJqb2JJZCI6MTI0MTU2MDUsInNvdXJjZSI6Imd1cHlfcG9ydGFsIn0=?jobBoardSource=gupy_portal,Estagiário Tecnologia
Estagiária/Estagiário Tecnologia em Automação ou afins | Laboratório da Qualidade Assegurada,Toledo do Brasil,São Bernardo do Campo,São Paulo,on-site,2026-08-28,2026-11-03,https://toledobrasil.gupy.io/job/eyJqb2JJZCI6MTIxNDE3NTUsInNvdXJjZSI6Imd1cHlfcG9ydGFsIn0=?jobBoardSource=gupy_portal,Estagiário Tecnologia
Estagiária/Estagiário Tecnologia em Automação ou afins | Controle da Qualidade Recebimento,Toledo do Brasil,São Bernardo do Campo,São Paulo,on-site,2026-08-28,2026-11-03,https://toledobrasil.gupy.io/job/eyJqb2JJZCI6MTIxNDEzOTUsInNvdXJjZSI6Imd1cHlfcG9ydGFsIn0=?jobBoardSource=gupy_portal,Estagiário Tecnologia
Estagiário(a) de Automação/Tecnologia,TSA Tecnologia de Sistemas de Automação SA,Belo Horizonte,Minas Gerais,on-site,2026-08-12,2026-10-11,https://tsaengenharia.gupy.io/job/eyJqb2JJZCI6MTIwNTkyNjAsInNvdXJjZSI6Imd1cHlfcG9ydGFsIn0=?jobBoardSource=gupy_portal,Estagiário Tecnologia
Estagiário de Engenharia de Tecnologia/Telecom,Agora Telecom,São Paulo,São Paulo,on-site,2023-04-26,,https://testeagoratelecom&97001&inactive.gupy.io/job/eyJqb2JJZCI6NDc0MDk5MCwic291cmNlIjoiZ3VweV9wb3J0YWwifQ==?jobBoardSource=gupy_portal,Estagiário Tecnologia
"Estagiário(a) de Tecnologia, Dados e Sistemas",Fragata e Antunes Advogados,Nova Lima,Minas Gerais,hybrid,2026-09-17,2026-11-08,https://fragataeantunes.gupy.io/job/eyJqb2JJZCI6MTI0NDg3NjIsInNvdXJjZSI6Imd1cHlfcG9ydGFsIn0=?jobBoardSource=gupy_portal,Estagiário Dados
Estagiário(a) - Dados | Maxpar ,Grupo Autoglass Estágio,Vila Velha,Espírito Santo,on-site,2026-09-14,2026-10-27,https://autoglassestagio.gupy.io/job/eyJqb2JJZCI6MTI0Mjk0OTQsInNvdXJjZSI6Imd1cHlfcG9ydGFsIn0=?jobBoardSource=gupy_portal,Estagiário Dados
Estagiário(a) de Dados  :: Niterói ,Conexão Talento,Niterói,Rio de Janeiro,on-site,2026-09-11,2026-11-10,https://conexaotalento.gupy.io/job/eyJqb2JJZCI6MTI0NzE5NzgsInNvdXJjZSI6Imd1cHlfcG9ydGFsIn0=?jobBoardSource=gupy_portal,Estagiário Dados
"[Tecnologia] Estagiário de Tecnologia (Desenvolvimento, Dados e IA)",Valenet Carreiras,Itabira,Minas Gerais,on-site,2026-09-09,2026-11-02,https://valenetcarreiras.gupy.io/job/eyJqb2JJZCI6MTI0MTU2MDUsInNvdXJjZSI6Imd1cHlfcG9ydGFsIn0=?jobBoardSource=gupy_portal,Estagiário Dados
 Estagiário de Dados e Visualização | RJ,Grupo Monto,Rio de Janeiro,Rio de Janeiro,on-site,2026-09-03,2026-11-02,https://grupomonto.gupy.io/job/eyJqb2JJZCI6MTI0MTczMDYsInNvdXJjZSI6Imd1cHlfcG9ydGFsIn0=?jobBoardSource=gupy_portal,Estagiário Dados
Estagiária/Estagiário de Dados,Votorantim Cimentos - Jovens Talentos,São Paulo,São Paulo,hybrid,2026-08-10,2026-10-16,https://votorantimcimentostalentos.gupy.io/job/eyJqb2JJZCI6MTIwMjM4NDIsInNvdXJjZSI6Imd1cHlfcG9ydGFsIn0=?jobBoardSource=gupy_portal,Estagiário Dados
Estagiário de Ciência de Dados,SYOS,São Paulo,São Paulo,on-site,2023-04-28,,https://syos&65284&inactive.gupy.io/job/eyJqb2JJZCI6NDc1MTkzOSwic291cmNlIjoiZ3VweV9wb3J0YWwifQ==?jobBoardSource=gupy_portal,Estagiário Dados
Estagiário(a) de Sistemas Embarcados | Fortaleza,Mobit Tecnologia,Fortaleza,Ceará,on-site,2026-09-23,2026-11-22,https://mobit.gupy.io/job/eyJqb2JJZCI6MTI1NzEwNjEsInNvdXJjZSI6Imd1cHlfcG9ydGFsIn0=?jobBoardSource=gupy_portal,Estagiário Sistemas
Estagiário(a) Desenvolvimento de Sistemas ,SPC Brasil,,,remote,2026-09-03,2026-10-03,https://spcbrasil.gupy.io/job/eyJqb2JJZCI6MTIxNjU2NjEsInNvdXJjZSI6Imd1cHlfcG9ydGFsIn0=?jobBoardSource=gupy_portal,Estagiário Sistemas
ESTÁGIARIO EM SISTEMAS DE OPERAÇÕES ,Lojas Renner S.A.,Porto Alegre,Rio Grande do Sul,on-site,2026-08-21,2026-10-31,https://renner.gupy.io/job/eyJqb2JJZCI6MTIyMTc3OTgsInNvdXJjZSI6Imd1cHlfcG9ydGFsIn0=?jobBoardSource=gupy_portal,Estagiário Sistemas
ESTAGIÁRIO SISTEMA DE MONITORAÇÃO,Confidencial,Barueri,São Paulo,remote,2023-06-13,,https://confidencial55329.gupy.io/job/eyJqb2JJZCI6NDg0MDA2NCwic291cmNlIjoiZ3VweV9wb3J0YWwifQ==?jobBoardSource=gupy_portal,Estagiário Sistemas
Estagiário de Desenvolvimento de Visão Computacional,Fiscaltech,Curitiba,Paraná,on-site,2026-10-01,2026-12-31,https://fiscaltech.gupy.io/job/eyJqb2JJZCI6MTI2NjEyODcsInNvdXJjZSI6Imd1cHlfcG9ydGFsIn0=?jobBoardSource=gupy_portal,Estagiário Desenvolvimento
ESTAGIÁRIO DE DESENVOLVIMENTO DE SOFTWARE - SÃO PAULO/SP,Tahto - Staff e Executivo #VemSerTahto,São Paulo,São Paulo,hybrid,2026-09-25,2026-11-09,https://vemsertahto.gupy.io/job/eyJqb2JJZCI6MTI0NTk3OTUsInNvdXJjZSI6Imd1cHlfcG9ydGFsIn0=?jobBoardSource=gupy_portal,Estagiário Desenvolvimento
Estagiário de TI  - Desenvolvimento de Sistemas,Santa Casa da Bahia,Salvador,Bahia,on-site,2026-09-24,2026-11-23,https://santacasaba.gupy.io/job/eyJqb2JJZCI6MTI1ODI1MzIsInNvdXJjZSI6Imd1cHlfcG9ydGFsIn0=?jobBoardSource=gupy_portal,Estagiário Desenvolvimento
Estagiário(a) - Desenvolvimento de Negócios – Seguros - Curitiba/PR - Sicredi Integração PR/SC   ,Sicredi,Curitiba,Paraná,on-site,2026-09-23,2026-10-30,https://sicredi.gupy.io/job/eyJqb2JJZCI6MTI1NzQ3ODIsInNvdXJjZSI6Imd1cHlfcG9ydGFsIn0=?jobBoardSource=gupy_portal,Estagiário Desenvolvimento
"[Tecnologia] Estagiário de Tecnologia (Desenvolvimento, Dados e IA)",Valenet Carreiras,Itabira,Minas Gerais,on-site,2026-09-09,2026-11-02,https://valenetcarreiras.gupy.io/job/eyJqb2JJZCI6MTI0MTU2MDUsInNvdXJjZSI6Imd1cHlfcG9ydGFsIn0=?jobBoardSource=gupy_portal,Estagiário Desenvolvimento
Estagiário(a) Desenvolvimento de Sistemas ,SPC Brasil,,,remote,2026-09-03,2026-10-03,https://spcbrasil.gupy.io/job/eyJqb2JJZCI6MTIxNjU2NjEsInNvdXJjZSI6Imd1cHlfcG9ydGFsIn0=?jobBoardSource=gupy_portal,Estagiário Desenvolvimento
ESTAGIÁRIO INDUSTRIAL PESQUISA E DESENVOLVIMENTO,Alvoar Lácteos,Lagoa da Prata,Minas Gerais,on-site,2026-08-31,2026-10-30,https://alvoarlacteos.gupy.io/job/eyJqb2JJZCI6MTIzNzc4OTMsInNvdXJjZSI6Imd1cHlfcG9ydGFsIn0=?jobBoardSource=gupy_portal,Estagiário Desenvolvimento
ESTAGIARIO NIVEL SUPERIOR - Estagiário de Treinamento e Desenvolvimento (RH),CSN - Companhia Siderúrgica Nacional,São Paulo,São Paulo,on-site,2026-08-28,2026-10-27,https://csn.gupy.io/job/eyJqb2JJZCI6MTIzMzY4MDEsInNvdXJjZSI6Imd1cHlfcG9ydGFsIn0=?jobBoardSource=gupy_portal,Estagiário Desenvolvimento
ESTAGIÁRIO DE DESENVOLVIMENTO DE PRODUTO - Inbetta - Esteio / RS ,Oportunidades InBetta,Esteio,Rio Grande do Sul,on-site,2026-08-13,2026-10-12,https://inbetta.gupy.io/job/eyJqb2JJZCI6MTIwNzc1OTcsInNvdXJjZSI6Imd1cHlfcG9ydGFsIn0=?jobBoardSource=gupy_portal,Estagiário Desenvolvimento
👨🏽‍💻💡Estagiário(a) em Desenvolvimento de Software  - Multiprojetos Time de Produtos Criptográficos (CÓD.5789),KRYPTUS,Campinas,São Paulo,on-site,2026-07-16,2026-10-31,https://kryptus.gupy.io/job/eyJqb2JJZCI6MTE2NjM3NzQsInNvdXJjZSI6Imd1cHlfcG9ydGFsIn0=?jobBoardSource=gupy_portal,Estagiário Desenvolvimento
ESTAGIÁRIO DE DESENVOLVIMENTO DE SOFTWARE - SÃO PAULO/SP,Tahto - Staff e Executivo #VemSerTahto,São Paulo,São Paulo,hybrid,2026-09-25,2026-11-09,https://vemsertahto.gupy.io/job/eyJqb2JJZCI6MTI0NTk3OTUsInNvdXJjZSI6Imd1cHlfcG9ydGFsIn0=?jobBoardSource=gupy_portal,Estagiário Software
Estagiário(a) de Suporte,CIEE - Centro de Integração Empresa-Escola,Brasília,Distrito Federal,hybrid,2026-09-18,2026-10-10,https://ciee.gupy.io/job/eyJqb2JJZCI6MTI1MTYxMjEsInNvdXJjZSI6Imd1cHlfcG9ydGFsIn0=?jobBoardSource=gupy_portal,Estagiário Suporte
Estagiário(a) de Administração – Suporte Jurídico,Grupo Ramiro Campelo,Salvador,Bahia,on-site,2026-09-01,2026-10-31,https://gruporamirocampelo.gupy.io/job/eyJqb2JJZCI6MTIzOTM4NjAsInNvdXJjZSI6Imd1cHlfcG9ydGFsIn0=?jobBoardSource=gupy_portal,Estagiário Suporte
Estagiário de suporte TI 1°,Condor,São Bento do Sul,Santa Catarina,on-site,2026-08-17,2026-10-02,https://condor.gupy.io/job/eyJqb2JJZCI6MTE5MjUxNTAsInNvdXJjZSI6Imd1cHlfcG9ydGFsIn0=?jobBoardSource=gupy_portal,Estagiário Suporte
Estagiário de Suporte e Operações ,Phoebus Tecnologia,,,remote,2026-08-13,2026-10-13,https://phoebus.gupy.io/job/eyJqb2JJZCI6MTIwNzg4NTgsInNvdXJjZSI6Imd1cHlfcG9ydGFsIn0=?jobBoardSource=gupy_portal,Estagiário Suporte
Estagiário (a) de Suporte de Sistemas,Ibeu - Inglês Global,Rio de Janeiro,Rio de Janeiro,on-site,2026-07-24,2026-12-20,https://ibeu.gupy.io/job/eyJqb2JJZCI6MTE1NDk3MjYsInNvdXJjZSI6Imd1cHlfcG9ydGFsIn0=?jobBoardSource=gupy_portal,Estagiário Suporte
Estagiário de Logística - Suporte,Belgo Arames,Contagem,Minas Gerais,on-site,2026-07-03,2026-10-30,https://belgo.gupy.io/job/eyJqb2JJZCI6MTE1ODM4NjcsInNvdXJjZSI6Imd1cHlfcG9ydGFsIn0=?jobBoardSource=gupy_portal,Estagiário Suporte
Estagiário(a) de Suporte e Manutenção ,Phoebus Tecnologia,,,remote,2026-02-18,2026-11-27,https://phoebus.gupy.io/job/eyJqb2JJZCI6MTA4Njg0NTYsInNvdXJjZSI6Imd1cHlfcG9ydGFsIn0=?jobBoardSource=gupy_portal,Estagiário Suporte
Estagiário de T.I - Infraestrutura,Bellinati Perez,Curitiba,Paraná,on-site,2026-09-11,2026-11-10,https://bellinatiperez.gupy.io/job/eyJqb2JJZCI6MTI0NjczNTAsInNvdXJjZSI6Imd1cHlfcG9ydGFsIn0=?jobBoardSource=gupy_portal,Estagiário Infraestrutura
Estagiário de Engenharia – Infraestrutura,JHSF | Desenvolvimento Imobiliário,Porto Feliz,São Paulo,on-site,2026-08-11,2026-10-10,https://jhsf-ni.gupy.io/job/eyJqb2JJZCI6MTIwNDIzMjIsInNvdXJjZSI6Imd1cHlfcG9ydGFsIn0=?jobBoardSource=gupy_portal,Estagiário Infraestrutura
Estagiário Automação - Lorena/SP  ,Vagas Valgroup,Lorena,São Paulo,on-site,2026-09-30,2026-10-30,https://valgroup.gupy.io/job/eyJqb2JJZCI6MTI2NDk3NTYsInNvdXJjZSI6Imd1cHlfcG9ydGFsIn0=?jobBoardSource=gupy_portal,Estagiário Automação
Estagiário(a) Administrativo e Automação de Processos,Brasol - Soluções Energéticas Inteligentes,São Paulo,São Paulo,on-site,2026-09-29,2026-11-28,https://brasol.gupy.io/job/eyJqb2JJZCI6MTI2MzAzMTMsInNvdXJjZSI6Imd1cHlfcG9ydGFsIn0=?jobBoardSource=gupy_portal,Estagiário Automação
ESTAGIÁRIO - BU AUTOMAÇÃO,Grupo Mater,São Paulo,São Paulo,on-site,2026-09-22,2026-11-10,https://grupomater.gupy.io/job/eyJqb2JJZCI6MTI0NzIwNjYsInNvdXJjZSI6Imd1cHlfcG9ydGFsIn0=?jobBoardSource=gupy_portal,Estagiário Automação
ESTAGIÁRIO - BU AUTOMAÇÃO,Grupo Mater,São Paulo,São Paulo,on-site,2026-09-22,2026-11-10,https://grupomater.gupy.io/job/eyJqb2JJZCI6MTI0NzIwNDYsInNvdXJjZSI6Imd1cHlfcG9ydGFsIn0=?jobBoardSource=gupy_portal,Estagiário Automação
ESTAGIÁRIO - BU AUTOMAÇÃO,Grupo Mater,São Paulo,São Paulo,on-site,2026-09-22,2026-11-10,https://grupomater.gupy.io/job/eyJqb2JJZCI6MTI0NzIwNTgsInNvdXJjZSI6Imd1cHlfcG9ydGFsIn0=?jobBoardSource=gupy_portal,Estagiário Automação
Estagiário(a) de Engenharia (Automação/Instrumentação) ,TSA Tecnologia de Sistemas de Automação SA,Belo Horizonte,Minas Gerais,on-site,2026-09-04,2026-11-03,https://tsaengenharia.gupy.io/job/eyJqb2JJZCI6MTI0MjYwMDYsInNvdXJjZSI6Imd1cHlfcG9ydGFsIn0=?jobBoardSource=gupy_portal,Estagiário Automação
Estagiária/Estagiário Tecnologia em Automação ou afins | Laboratório da Qualidade Assegurada,Toledo do Brasil,São Bernardo do Campo,São Paulo,on-site,2026-08-28,2026-11-03,https://toledobrasil.gupy.io/job/eyJqb2JJZCI6MTIxNDE3NTUsInNvdXJjZSI6Imd1cHlfcG9ydGFsIn0=?jobBoardSource=gupy_portal,Estagiário Automação
Estagiária/Estagiário Tecnologia em Automação ou afins | Controle da Qualidade Recebimento,Toledo do Brasil,São Bernardo do Campo,São Paulo,on-site,2026-08-28,2026-11-03,https://toledobrasil.gupy.io/job/eyJqb2JJZCI6MTIxNDEzOTUsInNvdXJjZSI6Imd1cHlfcG9ydGFsIn0=?jobBoardSource=gupy_portal,Estagiário Automação
Estagiário(a) de Automação/Tecnologia,TSA Tecnologia de Sistemas de Automação SA,Belo Horizonte,Minas Gerais,on-site,2026-08-12,2026-10-11,https://tsaengenharia.gupy.io/job/eyJqb2JJZCI6MTIwNTkyNjAsInNvdXJjZSI6Imd1cHlfcG9ydGFsIn0=?jobBoardSource=gupy_portal,Estagiário Automação
